ticker,horizon,variant,baseline,dm_statistic,dm_p_value,mean_loss_diff
GS,5,price_only,random_walk,2.4268191983672525,0.015591449248547828,0.0017636863224575288
GS,5,price_only,naive_persistente,2.222538034697216,0.02670265308560471,0.0015759190283438833
GS,5,price_only,arima_garch,2.3776509886757236,0.017806013726784364,0.001720093885602375
GS,5,text_only,random_walk,2.9631438314630754,0.0031932567761148167,0.00376946035625304
GS,5,text_only,naive_persistente,2.829617443895576,0.004851620793935751,0.0035816930621393947
GS,5,text_only,arima_garch,2.9369933760334783,0.003470105226041742,0.0037258679193978867
GS,5,early_fusion,random_walk,0.14705805358532845,0.8831466843811455,4.6383607875365367e-07
GS,5,early_fusion,naive_persistente,-3.7025121379646593,0.00023772827800372376,-0.00018730345803489207
GS,5,early_fusion,arima_garch,-2.0916072923165467,0.03698791376461985,-4.31286007763998e-05
GS,5,late_fusion,random_walk,5.087150790249252,5.186353924102605e-07,0.00022354888774127
GS,5,late_fusion,naive_persistente,0.6167274102467899,0.5377009699598474,3.578159362762427e-05
GS,5,late_fusion,arima_garch,3.600725371321352,0.0003496639166882254,0.00017995645088611653
GS,5,cross_attention,random_walk,8.3752055915807,6.661338147750939e-16,0.0009105977289618316
GS,5,cross_attention,naive_persistente,6.602292164011439,1.0549250362146267e-10,0.0007228304348481859
GS,5,cross_attention,arima_garch,7.690030468932743,8.126832540256146e-14,0.0008670052921066782
GS,20,price_only,random_walk,2.420541941072082,0.015883678325822714,0.0002524499637709598
GS,20,price_only,naive_persistente,-0.2371519291392282,0.8126445061895686,-2.9215041394655438e-05
GS,20,price_only,arima_garch,1.4334860122505337,0.15239832463602432,0.00015864182030916223
GS,20,text_only,random_walk,3.2814644458760185,0.0011112530649410868,0.007963391091549248
GS,20,text_only,naive_persistente,3.179883278787116,0.0015728348279329118,0.007681726086383631
GS,20,text_only,arima_garch,3.252929803173126,0.0012262703089049865,0.007869582948087449
GS,20,early_fusion,random_walk,0.3696380939607229,0.7118222686225741,2.159020465413707e-06
GS,20,early_fusion,naive_persistente,-2.229822892923592,0.026241082014983208,-0.0002795059847002016
GS,20,early_fusion,arima_garch,-1.595476341790361,0.11129252135795742,-9.164912299638387e-05
GS,20,late_fusion,random_walk,3.5903654758634107,0.00036572807217161163,0.0006587718808604562
GS,20,late_fusion,naive_persistente,1.6820639843829286,0.09323509067410685,0.00037710687569484096
GS,20,late_fusion,arima_garch,2.8018338868871755,0.005295675326996596,0.0005649637373986586
GS,20,cross_attention,random_walk,3.0216706304585084,0.0026540235733372164,0.00031516983336142475
GS,20,cross_attention,naive_persistente,0.25514928350755317,0.7987218379805536,3.3504828195809516e-05
GS,20,cross_attention,arima_garch,2.1529473974147764,0.031842082895459756,0.00022136168989962722
GS,60,price_only,random_walk,1.6081494013094695,0.10863294588051708,0.00024180853811462522
GS,60,price_only,naive_persistente,1.6361556892222657,0.10263493694393144,0.00026841056010067674
GS,60,price_only,arima_garch,2.0483112978654177,0.04121616872332834,0.00014930377693818598
GS,60,text_only,random_walk,3.3027452649232245,0.0010482228194543808,0.0010491281812980088
GS,60,text_only,naive_persistente,7.521785925155911,3.9390712913700554e-13,0.0010757302032840604
GS,60,text_only,arima_garch,4.029060264181006,6.765495152838419e-05,0.0009566234201215695
GS,60,early_fusion,random_walk,0.739446226661518,0.46009261557222647,2.4361582430513713e-05
GS,60,early_fusion,naive_persistente,0.3044559693032553,0.7609471951190738,5.0963604416565225e-05
GS,60,early_fusion,arima_garch,-0.8024069219159268,0.4228191463097464,-6.814317874592553e-05
GS,60,late_fusion,random_walk,0.5862562448829837,0.5580513944469097,0.00013139212853391423
GS,60,late_fusion,naive_persistente,3.6496595878986344,0.00029930882462458896,0.00015799415051996572
GS,60,late_fusion,arima_garch,0.2290900163498708,0.8189221987338695,3.888736735747501e-05
GS,60,cross_attention,random_walk,1.8168399750477464,0.07002924910128239,0.0008502158606096954
GS,60,cross_attention,naive_persistente,2.963302784511725,0.0032351827726135873,0.0008768178825957467
GS,60,cross_attention,arima_garch,1.8877139816997452,0.05982608484976559,0.0007577110994332561
KO,5,price_only,random_walk,0.005823833116394332,0.9953556499618015,1.4297910398130092e-08
KO,5,price_only,naive_persistente,-2.276105659110084,0.02327034669105621,-6.19013733879945e-05
KO,5,price_only,arima_garch,0.09438976811551505,0.9248381280382849,1.0302376371582422e-06
KO,5,text_only,random_walk,8.864961863902229,0.0,0.0003844305224089682
KO,5,text_only,naive_persistente,7.513414832753788,2.7555735471196385e-13,0.00032251485111057555
KO,5,text_only,arima_garch,7.891135657945652,1.9761969838327786e-14,0.0003854464621357283
KO,5,early_fusion,random_walk,3.3799158527794697,0.000782958038600956,7.683288167266496e-05
KO,5,early_fusion,naive_persistente,0.36786580485614817,0.7131321478020924,1.4917210374272298e-05
KO,5,early_fusion,arima_garch,3.7401100333473876,0.0002056831090180289,7.784882139942506e-05
KO,5,late_fusion,random_walk,6.4081478792031366,3.4632652301525013e-10,0.000522429002440805
KO,5,late_fusion,naive_persistente,5.3858092976619565,1.1213945994015262e-07,0.00046051333114241233
KO,5,late_fusion,arima_garch,6.342540744460011,5.142259951185224e-10,0.0005234449421675652
KO,5,cross_attention,random_walk,6.004654829483969,3.737765430500417e-09,0.00030203555115936243
KO,5,cross_attention,naive_persistente,4.289280686847301,2.1601858659181516e-05,0.0002401198798609698
KO,5,cross_attention,arima_garch,5.760442097966475,1.4834577566347207e-08,0.00030305149088612253
KO,20,price_only,random_walk,1.2078917151435562,0.22770955238428514,0.00010246287068556105
KO,20,price_only,naive_persistente,-0.5763126951731619,0.5646857136469263,-5.266087099880622e-05
KO,20,price_only,arima_garch,1.0838356463924126,0.2790054239502435,0.00010230453552239393
KO,20,text_only,random_walk,3.3862263366834684,0.0007693867716782599,0.00677246855318691
KO,20,text_only,naive_persistente,3.3399077894702236,0.0009062517692204342,0.006617344811502542
KO,20,text_only,arima_garch,3.3986642433743195,0.0007360606612563103,0.0067723102180237416
KO,20,early_fusion,random_walk,0.27076710862757764,0.7866916094081762,8.334906884700342e-06
KO,20,early_fusion,naive_persistente,-1.4243380513296848,0.1550266571417609,-0.00014678883479966694
KO,20,early_fusion,arima_garch,0.17952457205855293,0.85760487517476,8.176571721533206e-06
KO,20,late_fusion,random_walk,5.093463349757896,5.139133245624095e-07,0.001393483045814741
KO,20,late_fusion,naive_persistente,5.155236127659476,3.7689913479077575e-07,0.0012383593041303735
KO,20,late_fusion,arima_garch,5.140386201237667,4.061819418588186e-07,0.0013933247106515737
KO,20,cross_attention,random_walk,3.3655576108965413,0.000827891280715809,0.00156287844108675
KO,20,cross_attention,naive_persistente,3.099263905592997,0.0020589628678135963,0.0014077546994023828
KO,20,cross_attention,arima_garch,3.4173080159825497,0.0006886176986478088,0.001562720105923583
KO,60,price_only,random_walk,0.6922192533253506,0.489222408055374,8.726755795041142e-05
KO,60,price_only,naive_persistente,-0.16751998781932184,0.8670500351023218,-5.361813153141717e-05
KO,60,price_only,arima_garch,0.3052166157539659,0.7603682890477788,5.7861641994377466e-05
KO,60,text_only,random_walk,2.7909100620254805,0.00552116098369515,0.005704746662405555
KO,60,text_only,naive_persistente,2.8306451622340294,0.0048922688010648585,0.005563860972923726
KO,60,text_only,arima_garch,2.8518252041588865,0.004584315131279215,0.005675340746449521
KO,60,early_fusion,random_walk,-0.43021930006044284,0.6672800052787988,-2.4573163352142875e-05
KO,60,early_fusion,naive_persistente,-1.096134671627016,0.27371402879174567,-0.00016545885283397147
KO,60,early_fusion,arima_garch,-0.9384573957240522,0.34860549709780564,-5.3979079308176846e-05
KO,60,late_fusion,random_walk,1.2560291569263133,0.20987707363084374,0.0004470321768644731
KO,60,late_fusion,naive_persistente,1.69732403631899,0.0904541919383246,0.0003061464873826444
KO,60,late_fusion,arima_garch,1.4311206503866822,0.15321750175748883,0.0004176262609084391
KO,60,cross_attention,random_walk,2.3474443009561003,0.019415081510663734,0.0017291489565373964
KO,60,cross_attention,naive_persistente,2.8887272861617928,0.004089580433989104,0.0015882632670555677
KO,60,cross_attention,arima_garch,2.537506908156079,0.011563388231527583,0.0016997430405813624
QQQ,5,price_only,random_walk,3.0447648141821992,0.0024539248838741923,0.00032626324229944004
QQQ,5,price_only,naive_persistente,5.5769488092572175,4.0517158517161533e-08,0.0004318427006935392
QQQ,5,price_only,arima_garch,6.864328998110226,2.0280443990827735e-11,0.00047915979116347273
QQQ,5,text_only,random_walk,8.483852357501071,2.220446049250313e-16,0.0006386273005226356
QQQ,5,text_only,naive_persistente,6.459399869766206,2.5374324863491893e-10,0.000744206758916735
QQQ,5,text_only,arima_garch,6.931404317483417,1.3189671577151785e-11,0.0007915238493866686
QQQ,5,early_fusion,random_walk,7.7036330169620415,7.394085344003543e-14,0.00019498832591286416
QQQ,5,early_fusion,naive_persistente,3.823443265121555,0.00014857058467621087,0.0003005677843069634
QQQ,5,early_fusion,arima_garch,4.516032992882447,7.902804716852785e-06,0.000347884874776897
QQQ,5,late_fusion,random_walk,5.644752710268121,2.803816312457741e-08,0.0001713767724679575
QQQ,5,late_fusion,naive_persistente,3.5979740743292576,0.0003532857317176674,0.00027695623086205676
QQQ,5,late_fusion,arima_garch,4.3516259004585445,1.6455237439982895e-05,0.0003242733213319903
QQQ,5,cross_attention,random_walk,6.506355887164859,1.9048962407453018e-10,0.00020778078370912946
QQQ,5,cross_attention,naive_persistente,3.8869381377678693,0.00011549141700917254,0.0003133602421032287
QQQ,5,cross_attention,arima_garch,4.595227350108063,5.505728119636899e-06,0.0003606773325731622
QQQ,20,price_only,random_walk,-0.9945516516513129,0.3204772384226817,-0.0003238258026262677
QQQ,20,price_only,naive_persistente,2.402599971898815,0.016674233623407364,0.00031901385072283705
QQQ,20,price_only,arima_garch,1.306938190290711,0.19188666382641406,0.00018998179510313235
QQQ,20,text_only,random_walk,5.424094755260294,9.430941871890752e-08,0.0018230829687775779
QQQ,20,text_only,naive_persistente,4.0946672960468815,4.994655202783527e-05,0.0024659226221266832
QQQ,20,text_only,arima_garch,3.7956299331678713,0.0001669737747436173,0.002336890566506978
QQQ,20,early_fusion,random_walk,2.749175490665564,0.006209719879376019,0.000444093294915838
QQQ,20,early_fusion,naive_persistente,2.6237098481433025,0.008986842970459819,0.0010869329482649426
QQQ,20,early_fusion,arima_garch,2.2378966960956834,0.025705672220128317,0.0009579008926452381
QQQ,20,late_fusion,random_walk,3.460033003910185,0.0005904394404390167,0.0010903210941733508
QQQ,20,late_fusion,naive_persistente,2.9502246631811335,0.0033374403923869256,0.0017331607475224557
QQQ,20,late_fusion,arima_garch,2.669917696475376,0.007855536242192596,0.001604128691902751
QQQ,20,cross_attention,random_walk,5.290728202961058,1.8886974317844363e-07,0.0009869512533651115
QQQ,20,cross_attention,naive_persistente,3.668537665760692,0.00027248128789714166,0.0016297909067142162
QQQ,20,cross_attention,arima_garch,3.249304262184627,0.001241649142514012,0.0015007588510945115
QQQ,60,price_only,random_walk,-1.1527697298684767,0.24972954371932143,-0.00012585672876826672
QQQ,60,price_only,naive_persistente,1.0337720247467732,0.3019002010938907,0.0009119363705545738
QQQ,60,price_only,arima_garch,-0.02569112265818146,0.9795171904964994,-2.3124038676336616e-05
QQQ,60,text_only,random_walk,4.903951782731045,1.3947345094411645e-06,0.0021231592034466535
QQQ,60,text_only,naive_persistente,2.477368675931067,0.013669555603237571,0.003160952302769494
QQQ,60,text_only,arima_garch,1.7159428820719422,0.08698754228552219,0.002225891893538583
QQQ,60,early_fusion,random_walk,1.532438162369854,0.12624642466834324,0.0006168688977479487
QQQ,60,early_fusion,naive_persistente,1.2154348437043003,0.22495487060655162,0.0016546619970707896
QQQ,60,early_fusion,arima_garch,0.516442850706772,0.6058455448584725,0.0007196015878398788
QQQ,60,late_fusion,random_walk,2.568172813908916,0.010604958286007271,0.00903905205453078
QQQ,60,late_fusion,naive_persistente,2.285684007530644,0.022822707323302716,0.01007684515385362
QQQ,60,late_fusion,arima_garch,2.0423873430912485,0.04180288637121832,0.009141784744622709
QQQ,60,cross_attention,random_walk,2.0372814205779437,0.042314265435434706,0.004188776898549034
QQQ,60,cross_attention,naive_persistente,1.7688569288724434,0.07771989103819732,0.005226569997871875
QQQ,60,cross_attention,arima_garch,1.4233747542430182,0.155448045972866,0.004291509588640964
SPY,5,price_only,random_walk,4.284612009495254,2.2043661792814362e-05,0.00029245933657830853
SPY,5,price_only,naive_persistente,6.4788951526214165,2.2531088106347852e-10,0.0003433964763432871
SPY,5,price_only,arima_garch,7.65590588597436,1.0302869668521453e-13,0.00036764804101249086
SPY,5,text_only,random_walk,11.411543647314252,0.0,0.0005546027769243398
SPY,5,text_only,naive_persistente,8.396866328124888,4.440892098500626e-16,0.0006055399166893184
SPY,5,text_only,arima_garch,8.583101831605157,2.220446049250313e-16,0.0006297914813585223
SPY,5,early_fusion,random_walk,6.512191570570869,1.8379986421734884e-10,9.637805650272357e-05
SPY,5,early_fusion,naive_persistente,3.427685532810903,0.0006600271751424636,0.00014731519626770214
SPY,5,early_fusion,arima_garch,4.009098691330936,7.04470517236544e-05,0.00017156676093690594
SPY,5,late_fusion,random_walk,7.974091618792866,1.0880185641326534e-14,0.00021552769306975526
SPY,5,late_fusion,naive_persistente,5.027495955431994,6.980986595461758e-07,0.00026646483283473385
SPY,5,late_fusion,arima_garch,5.425658955969227,9.091519759252265e-08,0.0002907163975039376
SPY,5,cross_attention,random_walk,9.287776446855307,0.0,0.0002830454165222688
SPY,5,cross_attention,naive_persistente,6.047331909385204,2.9235838194807684e-09,0.0003339825562872474
SPY,5,cross_attention,arima_garch,6.382633885294248,4.040308088093525e-10,0.00035823412095645115
SPY,20,price_only,random_walk,-1.7686600517147306,0.07761328948330193,-9.533684729606715e-05
SPY,20,price_only,naive_persistente,1.9747743215192628,0.04889132981930033,0.00022090651754649767
SPY,20,price_only,arima_garch,1.3927320600251294,0.16437359359503367,0.00016065981378536018
SPY,20,text_only,random_walk,5.304023487810401,1.76348895264411e-07,0.0020169903310531577
SPY,20,text_only,naive_persistente,4.525494006838057,7.681311409379887e-06,0.0023332336958957222
SPY,20,text_only,arima_garch,4.353457338323438,1.6529263330733457e-05,0.002272986992134585
SPY,20,early_fusion,random_walk,2.8944208171600376,0.003979180027264384,0.00024126371196998454
SPY,20,early_fusion,naive_persistente,2.435820402294502,0.015236744064861751,0.0005575070768125493
SPY,20,early_fusion,arima_garch,2.1241019943804162,0.034194491846696984,0.0004972603730514118
SPY,20,late_fusion,random_walk,4.592676934827495,5.656464429293351e-06,0.0014160266186955845
SPY,20,late_fusion,naive_persistente,3.89084062085849,0.00011464843350372789,0.001732269983538149
SPY,20,late_fusion,arima_garch,3.7060616285476033,0.00023613918580545068,0.0016720232797770118
SPY,20,cross_attention,random_walk,8.531132388498623,2.220446049250313e-16,0.0004722668738055928
SPY,20,cross_attention,naive_persistente,4.385771598412637,1.4340418021285828e-05,0.0007885102386481575
SPY,20,cross_attention,arima_garch,4.0334867326466215,6.433356403334756e-05,0.0007282635348870201
SPY,60,price_only,random_walk,0.9792005401254397,0.32810388413766045,0.00014386681328269326
SPY,60,price_only,naive_persistente,0.9530640339891614,0.3411634624443116,0.0006710755416332716
SPY,60,price_only,arima_garch,0.4967260551259961,0.6196694784571366,0.0003337945255646837
SPY,60,text_only,random_walk,2.850432504901567,0.004604010086717958,0.006699994722784839
SPY,60,text_only,naive_persistente,2.541251633552575,0.011442354224145745,0.007227203451135418
SPY,60,text_only,arima_garch,2.407802982092544,0.01652456521627066,0.0068899224350668295
SPY,60,early_fusion,random_walk,1.7192427610465666,0.08638451662296598,0.0012021102658978545
SPY,60,early_fusion,naive_persistente,1.4999187084494965,0.13446580632366412,0.0017293189942484326
SPY,60,early_fusion,arima_garch,1.1859513040016318,0.2363825419553658,0.001392037978179845
SPY,60,late_fusion,random_walk,2.4532797104276907,0.014604400734647527,0.005150715844501804
SPY,60,late_fusion,naive_persistente,2.1892781764859355,0.029184320731027835,0.005677924572852382
SPY,60,late_fusion,arima_garch,2.04576044038452,0.04146794549873789,0.0053406435567837935
SPY,60,cross_attention,random_walk,1.9877597962937883,0.04755553554579417,0.0031877446962427784
SPY,60,cross_attention,naive_persistente,1.7888306387498423,0.07443850642976191,0.003714953424593357
SPY,60,cross_attention,arima_garch,1.6092896915105388,0.10838341258322348,0.0033776724085247687
